"","name","NM","mut","from","to","mutpos","NMsub","REFSEQ_NUCLEOTIDE","UNIPROTKB","REVIEWED","SEQUENCE"
"c..9230019H11Rik....NM_001033977....exon2....c.A4G....p.T2A..","9230019H11Rik","NM_001033977","p.T2A","T","A",2,NA,NA,NA,NA,NA
"c..9230019H11Rik....NM_001033977....exon2....c.A26G....p.H9R.","9230019H11Rik","NM_001033977","p.H9R","H","R",9,NA,NA,NA,NA,NA
"c..9230019H11Rik....NM_001033977....exon3....c.G121A....p.V41I.","9230019H11Rik","NM_001033977","p.V41I","V","I",41,NA,NA,NA,NA,NA
"c..9230019H11Rik....NM_001033977....exon3....c.G145C....p.V49L.","9230019H11Rik","NM_001033977","p.V49L","V","L",49,NA,NA,NA,NA,NA
"c..9230019H11Rik....NM_001033977....exon3....c.C283T....p.L95F.","9230019H11Rik","NM_001033977","p.L95F","L","F",95,NA,NA,NA,NA,NA
"c..Syne1....NM_001347711....exon129....c.G23601T....p.M7867I.","Syne1","NM_001347711","p.M7867I","M","I",7867,NA,NA,NA,NA,NA
"c..Syne1....NM_001347711....exon71....c.A11750G....p.K3917R..","Syne1","NM_001347711","p.K3917R","K","R",3917,NA,NA,NA,NA,NA
"c..Syne1....NM_001347711....exon69....c.T11480C....p.M3827T..","Syne1","NM_001347711","p.M3827T","M","T",3827,NA,NA,NA,NA,NA
"c..Syne1....NM_001347711....exon63....c.A10261G....p.I3421V..","Syne1","NM_001347711","p.I3421V","I","V",3421,NA,NA,NA,NA,NA
"c..Syne1....NM_001347711....exon61....c.A9817G....p.I3273V..","Syne1","NM_001347711","p.I3273V","I","V",3273,NA,NA,NA,NA,NA
"c..Syne1....NM_001347711....exon58....c.A9444C....p.E3148D..","Syne1","NM_001347711","p.E3148D","E","D",3148,NA,NA,NA,NA,NA
"c..Map7....NM_001358787....exon11....c.A1445T....p.E482V..","Map7","NM_001358787","p.E482V","E","V",482,NA,NA,NA,NA,NA
"c..Dapk3....NM_001190474....exon9....c.C1339A....p.R447S..","Dapk3","NM_001190474","p.R447S","R","S",447,NA,NA,NA,NA,NA
"c..Tdg....NM_001358517....exon10....c.A1159G....p.S387G..","Tdg","NM_001358517","p.S387G","S","G",387,NA,NA,NA,NA,NA
"c..Gls2....NM_001285777....exon13....c.G872A....p.G291E..","Gls2","NM_001285777","p.G291E","G","E",291,NA,NA,NA,NA,NA
"c..Gls2....NM_001285779....exon14....c.G644A....p.G215E..","Gls2","NM_001285779","p.G215E","G","E",215,NA,NA,NA,NA,NA
"c..Pan2....NM_001358822....exon17....c.C2052A....p.D684E..","Pan2","NM_001358822","p.D684E","D","E",684,NA,NA,NA,NA,NA
"c..Sfi1....NM_001363224....exon26....c.A1895G....p.E632G..","Sfi1","NM_001363224","p.E632G","E","G",632,NA,NA,NA,NA,NA
"c..Sfi1....NM_001363222....exon27....c.A1970G....p.E657G..","Sfi1","NM_001363222","p.E657G","E","G",657,NA,NA,NA,NA,NA
"c..Sfi1....NM_001363223....exon27....c.A1970G....p.E657G..","Sfi1","NM_001363223","p.E657G","E","G",657,NA,NA,NA,NA,NA
"c..Sfi1....NM_001363224....exon26....c.G1894A....p.E632K..","Sfi1","NM_001363224","p.E632K","E","K",632,NA,NA,NA,NA,NA
"c..Sfi1....NM_001363222....exon27....c.G1969A....p.E657K..","Sfi1","NM_001363222","p.E657K","E","K",657,NA,NA,NA,NA,NA
"c..Sfi1....NM_001363223....exon27....c.G1969A....p.E657K..","Sfi1","NM_001363223","p.E657K","E","K",657,NA,NA,NA,NA,NA
"c..Sfi1....NM_001363224....exon26....c.A1860T....p.Q620H..","Sfi1","NM_001363224","p.Q620H","Q","H",620,NA,NA,NA,NA,NA
"c..Sfi1....NM_001363222....exon27....c.A1935T....p.Q645H..","Sfi1","NM_001363222","p.Q645H","Q","H",645,NA,NA,NA,NA,NA
"c..Sfi1....NM_001363223....exon27....c.A1935T....p.Q645H..","Sfi1","NM_001363223","p.Q645H","Q","H",645,NA,NA,NA,NA,NA
"c..Sfi1....NM_001363224....exon25....c.C1766T....p.A589V..","Sfi1","NM_001363224","p.A589V","A","V",589,NA,NA,NA,NA,NA
"c..Sfi1....NM_001363222....exon26....c.C1841T....p.A614V..","Sfi1","NM_001363222","p.A614V","A","V",614,NA,NA,NA,NA,NA
"c..Sfi1....NM_001363223....exon26....c.C1841T....p.A614V..","Sfi1","NM_001363223","p.A614V","A","V",614,NA,NA,NA,NA,NA
"c..Sfi1....NM_001363224....exon25....c.A1763G....p.H588R..","Sfi1","NM_001363224","p.H588R","H","R",588,NA,NA,NA,NA,NA
"c..Sfi1....NM_001363222....exon26....c.A1838G....p.H613R..","Sfi1","NM_001363222","p.H613R","H","R",613,NA,NA,NA,NA,NA
"c..Sfi1....NM_001363223....exon26....c.A1838G....p.H613R..","Sfi1","NM_001363223","p.H613R","H","R",613,NA,NA,NA,NA,NA
"c..Sfi1....NM_001363224....exon25....c.C1631T....p.T544M..","Sfi1","NM_001363224","p.T544M","T","M",544,NA,NA,NA,NA,NA
"c..Sfi1....NM_001363222....exon26....c.C1706T....p.T569M..","Sfi1","NM_001363222","p.T569M","T","M",569,NA,NA,NA,NA,NA
"c..Sfi1....NM_001363223....exon26....c.C1706T....p.T569M..","Sfi1","NM_001363223","p.T569M","T","M",569,NA,NA,NA,NA,NA
"c..Sfi1....NM_001363224....exon22....c.G1219A....p.A407T..","Sfi1","NM_001363224","p.A407T","A","T",407,NA,NA,NA,NA,NA
"c..Sfi1....NM_001363222....exon23....c.G1294A....p.A432T..","Sfi1","NM_001363222","p.A432T","A","T",432,NA,NA,NA,NA,NA
"c..Sfi1....NM_001363223....exon23....c.G1294A....p.A432T..","Sfi1","NM_001363223","p.A432T","A","T",432,NA,NA,NA,NA,NA
"c..Sfi1....NM_001363224....exon21....c.C1033T....p.L345F..","Sfi1","NM_001363224","p.L345F","L","F",345,NA,NA,NA,NA,NA
"c..Sfi1....NM_001363222....exon22....c.C1108T....p.L370F..","Sfi1","NM_001363222","p.L370F","L","F",370,NA,NA,NA,NA,NA
"c..Sfi1....NM_001363223....exon22....c.C1108T....p.L370F..","Sfi1","NM_001363223","p.L370F","L","F",370,NA,NA,NA,NA,NA
"c..Sfi1....NM_001363224....exon21....c.C994T....p.R332W..","Sfi1","NM_001363224","p.R332W","R","W",332,NA,NA,NA,NA,NA
"c..Sfi1....NM_001363224....exon20....c.A952G....p.S318G..","Sfi1","NM_001363224","p.S318G","S","G",318,NA,NA,NA,NA,NA
"c..Sfi1....NM_001363222....exon21....c.A1027G....p.S343G..","Sfi1","NM_001363222","p.S343G","S","G",343,NA,NA,NA,NA,NA
"c..Sfi1....NM_001363223....exon21....c.A1027G....p.S343G..","Sfi1","NM_001363223","p.S343G","S","G",343,NA,NA,NA,NA,NA
"c..Sfi1....NM_001363224....exon19....c.G902A....p.R301K..","Sfi1","NM_001363224","p.R301K","R","K",301,NA,NA,NA,NA,NA
"c..Sfi1....NM_001363222....exon20....c.G977A....p.R326K..","Sfi1","NM_001363222","p.R326K","R","K",326,NA,NA,NA,NA,NA
"c..Sfi1....NM_001363223....exon20....c.G977A....p.R326K..","Sfi1","NM_001363223","p.R326K","R","K",326,NA,NA,NA,NA,NA
"c..Sfi1....NM_001363224....exon19....c.A842G....p.H281R..","Sfi1","NM_001363224","p.H281R","H","R",281,NA,NA,NA,NA,NA
"c..Sfi1....NM_001363222....exon20....c.A917G....p.H306R..","Sfi1","NM_001363222","p.H306R","H","R",306,NA,NA,NA,NA,NA
"c..Sfi1....NM_001363223....exon20....c.A917G....p.H306R..","Sfi1","NM_001363223","p.H306R","H","R",306,NA,NA,NA,NA,NA
"c..Sfi1....NM_001363224....exon19....c.A815G....p.Q272R..","Sfi1","NM_001363224","p.Q272R","Q","R",272,NA,NA,NA,NA,NA
"c..Sfi1....NM_001363224....exon18....c.G698A....p.R233Q..","Sfi1","NM_001363224","p.R233Q","R","Q",233,NA,NA,NA,NA,NA
"c..Sfi1....NM_001363222....exon19....c.G773A....p.R258Q..","Sfi1","NM_001363222","p.R258Q","R","Q",258,NA,NA,NA,NA,NA
"c..Sfi1....NM_001363223....exon19....c.G773A....p.R258Q..","Sfi1","NM_001363223","p.R258Q","R","Q",258,NA,NA,NA,NA,NA
"c..Sfi1....NM_001363224....exon18....c.G658A....p.V220I..","Sfi1","NM_001363224","p.V220I","V","I",220,NA,NA,NA,NA,NA
"c..Sfi1....NM_001363222....exon19....c.G733A....p.V245I..","Sfi1","NM_001363222","p.V245I","V","I",245,NA,NA,NA,NA,NA
"c..Sfi1....NM_001363223....exon19....c.G733A....p.V245I..","Sfi1","NM_001363223","p.V245I","V","I",245,NA,NA,NA,NA,NA
"c..Sfi1....NM_001363222....exon16....c.C523T....p.R175W..","Sfi1","NM_001363222","p.R175W","R","W",175,NA,NA,NA,NA,NA
"c..Sfi1....NM_001363223....exon16....c.C523T....p.R175W..","Sfi1","NM_001363223","p.R175W","R","W",175,NA,NA,NA,NA,NA
"c..Sfi1....NM_001363222....exon16....c.A512G....p.Q171R..","Sfi1","NM_001363222","p.Q171R","Q","R",171,NA,NA,NA,NA,NA
"c..Sfi1....NM_001363223....exon16....c.A512G....p.Q171R..","Sfi1","NM_001363223","p.Q171R","Q","R",171,NA,NA,NA,NA,NA
"c..Sfi1....NM_001363222....exon12....c.A68G....p.Q23R..","Sfi1","NM_001363222","p.Q23R","Q","R",23,NA,NA,NA,NA,NA
"c..Sfi1....NM_001363223....exon12....c.A68G....p.Q23R..","Sfi1","NM_001363223","p.Q23R","Q","R",23,NA,NA,NA,NA,NA
"c..Sfi1....NM_001363222....exon12....c.G38A....p.R13K..","Sfi1","NM_001363222","p.R13K","R","K",13,NA,NA,NA,NA,NA
"c..Sfi1....NM_001363223....exon12....c.G38A....p.R13K..","Sfi1","NM_001363223","p.R13K","R","K",13,NA,NA,NA,NA,NA
"c..Etaa1....NM_001362970....exon5....c.G1694A....p.R565H..","Etaa1","NM_001362970","p.R565H","R","H",565,NA,NA,NA,NA,NA
"c..Etaa1....NM_001362970....exon5....c.G1616A....p.G539D..","Etaa1","NM_001362970","p.G539D","G","D",539,NA,NA,NA,NA,NA
"c..Wdpcp....NM_001364768....exon10....c.G1166A....p.S389N..","Wdpcp","NM_001364768","p.S389N","S","N",389,NA,NA,NA,NA,NA
"c..Gm12171....NM_001163353....exon1....c.C34T....p.L12F..","Gm12171","NM_001163353","p.L12F","L","F",12,NA,NA,NA,NA,NA
"c..Zfp62....NM_001362726....exon2....c.T1354G....p.S452A..","Zfp62","NM_001362726","p.S452A","S","A",452,NA,NA,NA,NA,NA
"c..Zfp62....NM_001362725....exon4....c.T1354G....p.S452A..","Zfp62","NM_001362725","p.S452A","S","A",452,NA,NA,NA,NA,NA
"c..Zfp62....NM_001362727....exon4....c.T1354G....p.S452A..","Zfp62","NM_001362727","p.S452A","S","A",452,NA,NA,NA,NA,NA
"c..Srebf1....NM_001358315....exon4....c.G673A....p.V225M..","Srebf1","NM_001358315","p.V225M","V","M",225,NA,NA,NA,NA,NA
"c..Zfp286....NM_001364096....exon4....c.C32T....p.T11M..","Zfp286","NM_001364096","p.T11M","T","M",11,NA,NA,NA,NA,NA
"c..Zfp286....NM_001364097....exon4....c.C32T....p.T11M..","Zfp286","NM_001364097","p.T11M","T","M",11,NA,NA,NA,NA,NA
"c..Itgae....NM_001361245....exon10....c.A1130G....p.H377R..","Itgae","NM_001361245","p.H377R","H","R",377,NA,NA,NA,NA,NA
"c..Itgae....NM_001361245....exon13....c.G1390A....p.V464I..","Itgae","NM_001361245","p.V464I","V","I",464,NA,NA,NA,NA,NA
"c..Itgae....NM_001361245....exon17....c.A2085T....p.K695N..","Itgae","NM_001361245","p.K695N","K","N",695,NA,NA,NA,NA,NA
"c..Itgae....NM_001361245....exon17....c.G2111T....p.G704V..","Itgae","NM_001361245","p.G704V","G","V",704,NA,NA,NA,NA,NA
"c..Ints2....NM_001363130....exon19....c.G2661A....p.M887I..","Ints2","NM_001363130","p.M887I","M","I",887,NA,NA,NA,NA,NA
"c..Ints2....NM_001363130....exon4....c.G647A....p.R216H..","Ints2","NM_001363130","p.R216H","R","H",216,NA,NA,NA,NA,NA
"c..Ankfn1....NM_001327810....exon20....c.G2986C....p.A996P..","Ankfn1","NM_001327810","p.A996P","A","P",996,NA,NA,NA,NA,NA
"c..Ankfn1....NM_001327810....exon17....c.T2154G....p.I718M..","Ankfn1","NM_001327810","p.I718M","I","M",718,NA,NA,NA,NA,NA
"c..Epn3....NM_001361558....exon9....c.T1787A....p.M596K..","Epn3","NM_001361558","p.M596K","M","K",596,NA,NA,NA,NA,NA
"c..Map2k6....NM_001356346....exon4....c.G20A....p.G7E..","Map2k6","NM_001356346","p.G7E","G","E",7,NA,NA,NA,NA,NA
"c..Map2k6....NM_001356347....exon4....c.G20A....p.G7E..","Map2k6","NM_001356347","p.G7E","G","E",7,NA,NA,NA,NA,NA
"c..Map2k6....NM_001356352....exon4....c.G20A....p.G7E..","Map2k6","NM_001356352","p.G7E","G","E",7,NA,NA,NA,NA,NA
"c..Rnaseh1....NM_001286865....exon3....c.T292G....p.S98A..","Rnaseh1","NM_001286865","p.S98A","S","A",98,NA,NA,NA,NA,NA
"c..Rnaseh1....NM_001286865....exon3....c.G313A....p.A105T..","Rnaseh1","NM_001286865","p.A105T","A","T",105,NA,NA,NA,NA,NA
"c..Rnaseh1....NM_001286865....exon4....c.G340A....p.V114I..","Rnaseh1","NM_001286865","p.V114I","V","I",114,NA,NA,NA,NA,NA
"c..Myt1l....NM_001361658....exon8....c.A360T....p.E120D..","Myt1l","NM_001361658","p.E120D","E","D",120,NA,NA,NA,NA,NA
"c..Myt1l....NM_001361660....exon8....c.A360T....p.E120D..","Myt1l","NM_001361660","p.E120D","E","D",120,NA,NA,NA,NA,NA
"c..Myt1l....NM_001361660....exon14....c.G2213A....p.S738N..","Myt1l","NM_001361660","p.S738N","S","N",738,NA,NA,NA,NA,NA
"c..Myt1l....NM_001361658....exon15....c.G2348A....p.S783N..","Myt1l","NM_001361658","p.S783N","S","N",783,NA,NA,NA,NA,NA
"c..Myt1l....NM_001361659....exon15....c.G2276A....p.S759N..","Myt1l","NM_001361659","p.S759N","S","N",759,NA,NA,NA,NA,NA
"c..Sntg2....NM_001324519....exon2....c.C8G....p.S3C..","Sntg2","NM_001324519","p.S3C","S","C",3,NA,NA,NA,NA,NA
"c..Sntg2....NM_001324520....exon2....c.C8G....p.S3C..","Sntg2","NM_001324520","p.S3C","S","C",3,NA,NA,NA,NA,NA
"c..Fancm....NM_001364447....exon14....c.C1019T....p.A340V..","Fancm","NM_001364447","p.A340V","A","V",340,NA,NA,NA,NA,NA
"c..Spata7....NM_001289574....exon8....c.G625C....p.A209P..","Spata7","NM_001289574","p.A209P","A","P",209,NA,NA,NA,NA,NA
"c..Dglucy....NM_001361023....exon3....c.C32T....p.S11F..","Dglucy","NM_001361023","p.S11F","S","F",11,NA,NA,NA,NA,NA
"c..Dglucy....NM_001361023....exon3....c.G59A....p.G20E..","Dglucy","NM_001361023","p.G20E","G","E",20,NA,NA,NA,NA,NA
"c..Tasor2....NM_001360838....exon14....c.A3200C....p.D1067A..","Tasor2","NM_001360838","p.D1067A","D","A",1067,NA,NA,NA,NA,NA
"c..Tasor2....NM_001360838....exon11....c.C1345T....p.P449S..","Tasor2","NM_001360838","p.P449S","P","S",449,NA,NA,NA,NA,NA
"c..Uimc1....NM_001359758....exon15....c.A1071C....p.E357D..","Uimc1","NM_001359758","p.E357D","E","D",357,NA,NA,NA,NA,NA
"c..Uimc1....NM_001359758....exon8....c.C293T....p.T98I..","Uimc1","NM_001359758","p.T98I","T","I",98,NA,NA,NA,NA,NA
"c..Arsk....NM_001360843....exon8....c.A1300C....p.T434P..","Arsk","NM_001360843","p.T434P","T","P",434,NA,NA,NA,NA,NA
"c..Arsk....NM_001360843....exon5....c.T449A....p.F150Y..","Arsk","NM_001360843","p.F150Y","F","Y",150,NA,NA,NA,NA,NA
"c..Mef2c....NM_001347581....exon10....c.G1096A....p.E366K..","Mef2c","NM_001347581","p.E366K","E","K",366,NA,NA,NA,NA,NA
"c..Ankdd1b....NM_001369169....exon13....c.C1273T....p.H425Y..","Ankdd1b","NM_001369169","p.H425Y","H","Y",425,NA,NA,NA,NA,NA
"c..Ankdd1b....NM_001369169....exon1....c.G59A....p.R20K..","Ankdd1b","NM_001369169","p.R20K","R","K",20,NA,NA,NA,NA,NA
"c..Cd180....NM_001360519....exon3....c.T71C....p.L24P..","Cd180","NM_001360519","p.L24P","L","P",24,NA,NA,NA,NA,NA
"c..Cd180....NM_001360519....exon3....c.G1085A....p.R362H..","Cd180","NM_001360519","p.R362H","R","H",362,NA,NA,NA,NA,NA
"c..Pxk....NM_001360316....exon19....c.A1613G....p.Q538R..","Pxk","NM_001360316","p.Q538R","Q","R",538,NA,NA,NA,NA,NA
"c..Pxk....NM_001360316....exon19....c.T1690C....p.C564R..","Pxk","NM_001360316","p.C564R","C","R",564,NA,NA,NA,NA,NA
"c..Ngly1....NM_001362432....exon10....c.T1469C....p.I490T..","Ngly1","NM_001362432","p.I490T","I","T",490,NA,NA,NA,NA,NA
"c..Samd8....NM_001359954....exon3....c.A697G....p.I233V..","Samd8","NM_001359954","p.I233V","I","V",233,NA,NA,NA,NA,NA
"c..Lrit2....NM_001360134....exon2....c.C647G....p.T216S..","Lrit2","NM_001360134","p.T216S","T","S",216,NA,NA,NA,NA,NA
"c..Lrit2....NM_001360134....exon3....c.C1018G....p.Q340E..","Lrit2","NM_001360134","p.Q340E","Q","E",340,NA,NA,NA,NA,NA
"c..Lrit2....NM_001360134....exon3....c.T1247A....p.L416Q..","Lrit2","NM_001360134","p.L416Q","L","Q",416,NA,NA,NA,NA,NA
"c..Lrit2....NM_001360134....exon3....c.C1372T....p.R458C..","Lrit2","NM_001360134","p.R458C","R","C",458,NA,NA,NA,NA,NA
"c..Lrit2....NM_001360134....exon3....c.A1433G....p.N478S..","Lrit2","NM_001360134","p.N478S","N","S",478,NA,NA,NA,NA,NA
"c..Nkx2.6....NM_001360218....exon2....c.T38C....p.M13T..","Nkx2-6","NM_001360218","p.M13T","M","T",13,NA,NA,NA,NA,NA
"c..R3hcc1....NM_001301651....exon4....c.C910A....p.Q304K..","R3hcc1","NM_001301651","p.Q304K","Q","K",304,NA,NA,NA,NA,NA
"c..R3hcc1....NM_001301651....exon4....c.G878A....p.R293Q..","R3hcc1","NM_001301651","p.R293Q","R","Q",293,NA,NA,NA,NA,NA
"c..R3hcc1....NM_001301651....exon4....c.C790A....p.L264M..","R3hcc1","NM_001301651","p.L264M","L","M",264,NA,NA,NA,NA,NA
"c..R3hcc1....NM_001301651....exon4....c.A781C....p.M261L..","R3hcc1","NM_001301651","p.M261L","M","L",261,NA,NA,NA,NA,NA
"c..R3hcc1....NM_001301651....exon4....c.A754G....p.M252V..","R3hcc1","NM_001301651","p.M252V","M","V",252,NA,NA,NA,NA,NA
"c..Sorbs3....NM_001271409....exon8....c.C742A....p.L248M..","Sorbs3","NM_001271409","p.L248M","L","M",248,NA,NA,NA,NA,NA
"c..Sorbs3....NM_001271409....exon3....c.T100G....p.S34A..","Sorbs3","NM_001271409","p.S34A","S","A",34,NA,NA,NA,NA,NA
"c..Piwil2....NM_001364321....exon23....c.G3110A....p.G1037E..","Piwil2","NM_001364321","p.G1037E","G","E",1037,NA,NA,NA,NA,NA
"c..Zfr....NM_001358823....exon7....c.T1183C....p.S395P..","Zfr","NM_001358823","p.S395P","S","P",395,NA,NA,NA,NA,NA
"c..Ankrd33b....NM_001357922....exon3....c.G587T....p.R196M..","Ankrd33b","NM_001357922","p.R196M","R","M",196,NA,NA,NA,NA,NA
"c..Ankrd33b....NM_001357923....exon5....c.G743T....p.R248M..","Ankrd33b","NM_001357923","p.R248M","R","M",248,NA,NA,NA,NA,NA
"c..Ankrd33b....NM_001357922....exon3....c.A586G....p.R196G..","Ankrd33b","NM_001357922","p.R196G","R","G",196,NA,NA,NA,NA,NA
"c..Ankrd33b....NM_001357923....exon5....c.A742G....p.R248G..","Ankrd33b","NM_001357923","p.R248G","R","G",248,NA,NA,NA,NA,NA
"c..Ankrd33b....NM_001357922....exon3....c.A478G....p.N160D..","Ankrd33b","NM_001357922","p.N160D","N","D",160,NA,NA,NA,NA,NA
"c..Ankrd33b....NM_001357923....exon5....c.A634G....p.N212D..","Ankrd33b","NM_001357923","p.N212D","N","D",212,NA,NA,NA,NA,NA
"c..Ankrd33b....NM_001357922....exon3....c.G241A....p.G81S..","Ankrd33b","NM_001357922","p.G81S","G","S",81,NA,NA,NA,NA,NA
"c..Ankrd33b....NM_001357923....exon5....c.G397A....p.G133S..","Ankrd33b","NM_001357923","p.G133S","G","S",133,NA,NA,NA,NA,NA
"c..Ankrd33b....NM_001357922....exon2....c.A49C....p.M17L..","Ankrd33b","NM_001357922","p.M17L","M","L",17,NA,NA,NA,NA,NA
"c..Ankrd33b....NM_001357923....exon4....c.A205C....p.M69L..","Ankrd33b","NM_001357923","p.M69L","M","L",69,NA,NA,NA,NA,NA
"c..Fbxo43....NM_001368658....exon2....c.T1166C....p.V389A..","Fbxo43","NM_001368658","p.V389A","V","A",389,NA,NA,NA,NA,NA
"c..Fbxo43....NM_001368658....exon2....c.A920G....p.D307G..","Fbxo43","NM_001368658","p.D307G","D","G",307,NA,NA,NA,NA,NA
"c..Fbxo43....NM_001368658....exon2....c.A734G....p.N245S..","Fbxo43","NM_001368658","p.N245S","N","S",245,NA,NA,NA,NA,NA
"c..Spag1....NM_001359984....exon4....c.T379C....p.C127R..","Spag1","NM_001359984","p.C127R","C","R",127,NA,NA,NA,NA,NA
"c..Spag1....NM_001359982....exon5....c.T379C....p.C127R..","Spag1","NM_001359982","p.C127R","C","R",127,NA,NA,NA,NA,NA
"c..Spag1....NM_001359981....exon6....c.T379C....p.C127R..","Spag1","NM_001359981","p.C127R","C","R",127,NA,NA,NA,NA,NA
"c..Spag1....NM_001359984....exon10....c.A1127C....p.E376A..","Spag1","NM_001359984","p.E376A","E","A",376,NA,NA,NA,NA,NA
"c..Spag1....NM_001359982....exon11....c.A1127C....p.E376A..","Spag1","NM_001359982","p.E376A","E","A",376,NA,NA,NA,NA,NA
"c..Spag1....NM_001359981....exon12....c.A1127C....p.E376A..","Spag1","NM_001359981","p.E376A","E","A",376,NA,NA,NA,NA,NA
"c..Spag1....NM_001359983....exon12....c.A392C....p.E131A..","Spag1","NM_001359983","p.E131A","E","A",131,NA,NA,NA,NA,NA
"c..Spag1....NM_001359984....exon16....c.G2028C....p.E676D..","Spag1","NM_001359984","p.E676D","E","D",676,NA,NA,NA,NA,NA
"c..Spag1....NM_001359982....exon17....c.G2028C....p.E676D..","Spag1","NM_001359982","p.E676D","E","D",676,NA,NA,NA,NA,NA
"c..Spag1....NM_001359981....exon18....c.G2028C....p.E676D..","Spag1","NM_001359981","p.E676D","E","D",676,NA,NA,NA,NA,NA
"c..Spag1....NM_001359983....exon18....c.G1293C....p.E431D..","Spag1","NM_001359983","p.E431D","E","D",431,NA,NA,NA,NA,NA
"c..Dcstamp....NM_001289506....exon3....c.C1085T....p.P362L..","Dcstamp","NM_001289506","p.P362L","P","L",362,NA,NA,NA,NA,NA
"c..Dcstamp....NM_001289506....exon3....c.A1297G....p.R433G..","Dcstamp","NM_001289506","p.R433G","R","G",433,NA,NA,NA,NA,NA
"c..Dcstamp....NM_001289506....exon4....c.T1348C....p.F450L..","Dcstamp","NM_001289506","p.F450L","F","L",450,NA,NA,NA,NA,NA
"c..Zfpm2....NM_001356998....exon4....c.T278C....p.V93A..","Zfpm2","NM_001356998","p.V93A","V","A",93,NA,NA,NA,NA,NA
"c..Zfpm2....NM_001356998....exon5....c.G427A....p.V143I..","Zfpm2","NM_001356998","p.V143I","V","I",143,NA,NA,NA,NA,NA
"c..Rrp7a....NM_001358061....exon4....c.A497G....p.Q166R..","Rrp7a","NM_001358061","p.Q166R","Q","R",166,NA,NA,NA,NA,NA
"c..Abcd2....NM_001358967....exon10....c.G2206C....p.A736P..","Abcd2","NM_001358967","p.A736P","A","P",736,NA,NA,NA,NA,NA
"c..Abcd2....NM_001358967....exon4....c.C1381T....p.L461F..","Abcd2","NM_001358967","p.L461F","L","F",461,NA,NA,NA,NA,NA
"c..Abcd2....NM_001358967....exon4....c.A1346G....p.N449S..","Abcd2","NM_001358967","p.N449S","N","S",449,NA,NA,NA,NA,NA
"c..Abcd2....NM_001358967....exon4....c.G1294A....p.D432N..","Abcd2","NM_001358967","p.D432N","D","N",432,NA,NA,NA,NA,NA
"c..Pphln1....NM_001358750....exon7....c.A740G....p.Q247R..","Pphln1","NM_001358750","p.Q247R","Q","R",247,NA,NA,NA,NA,NA
"c..Pphln1....NM_001358748....exon9....c.A1067G....p.Q356R..","Pphln1","NM_001358748","p.Q356R","Q","R",356,NA,NA,NA,NA,NA
"c..Ccnt1....NM_001368702....exon4....c.C388T....p.L130F..","Ccnt1","NM_001368702","p.L130F","L","F",130,NA,NA,NA,NA,NA
"c..Letmd1....NM_001357983....exon7....c.A568T....p.T190S..","Letmd1","NM_001357983","p.T190S","T","S",190,NA,NA,NA,NA,NA
"c..Acvrl1....NM_001277255....exon4....c.T96G....p.F32L..","Acvrl1","NM_001277255","p.F32L","F","L",32,NA,NA,NA,NA,NA
"c..Acvrl1....NM_001277255....exon10....c.G1118A....p.S373N..","Acvrl1","NM_001277255","p.S373N","S","N",373,NA,NA,NA,NA,NA
"c..Tmem44....NM_001361297....exon9....c.G793T....p.A265S..","Tmem44","NM_001361297","p.A265S","A","S",265,NA,NA,NA,NA,NA
"c..Tmem44....NM_001357413....exon10....c.G793T....p.A265S..","Tmem44","NM_001357413","p.A265S","A","S",265,NA,NA,NA,NA,NA
"c..Tmem44....NM_001357415....exon10....c.G793T....p.A265S..","Tmem44","NM_001357415","p.A265S","A","S",265,NA,NA,NA,NA,NA
"c..Tmem44....NM_001361297....exon9....c.A784G....p.R262G..","Tmem44","NM_001361297","p.R262G","R","G",262,NA,NA,NA,NA,NA
"c..Tmem44....NM_001357413....exon10....c.A784G....p.R262G..","Tmem44","NM_001357413","p.R262G","R","G",262,NA,NA,NA,NA,NA
"c..Tmem44....NM_001357415....exon10....c.A784G....p.R262G..","Tmem44","NM_001357415","p.R262G","R","G",262,NA,NA,NA,NA,NA
"c..Kalrn....NM_177357....exon47....c.C6519A....p.D2173E..","Kalrn","NM_177357","p.D2173E","D","E",2173,NA,NA,NA,NA,NA
"c..Slc35a5....NM_001356453....exon6....c.G1208A....p.R403H..","Slc35a5","NM_001356453","p.R403H","R","H",403,NA,NA,NA,NA,NA
"c..Cd200....NM_001358443....exon4....c.A529G....p.I177V..","Cd200","NM_001358443","p.I177V","I","V",177,NA,NA,NA,NA,NA
"c..Senp7....NM_001360073....exon14....c.C1465T....p.R489C..","Senp7","NM_001360073","p.R489C","R","C",489,NA,NA,NA,NA,NA
"c..B230307C23Rik....NM_001362093....exon4....c.A1033G....p.I345V.","B230307C23Rik","NM_001362093","p.I345V","I","V",345,NA,NA,NA,NA,NA
"c..B230307C23Rik....NM_001362093....exon4....c.T1055A....p.F352Y.","B230307C23Rik","NM_001362093","p.F352Y","F","Y",352,NA,NA,NA,NA,NA
"c..B230307C23Rik....NM_001362093....exon4....c.A1078G....p.T360A.","B230307C23Rik","NM_001362093","p.T360A","T","A",360,NA,NA,NA,NA,NA
"c..B230307C23Rik....NM_001362093....exon4....c.G1168A....p.A390T.","B230307C23Rik","NM_001362093","p.A390T","A","T",390,NA,NA,NA,NA,NA
"c..B230307C23Rik....NM_001362093....exon4....c.A1188C....p.Q396H.","B230307C23Rik","NM_001362093","p.Q396H","Q","H",396,NA,NA,NA,NA,NA
"c..B230307C23Rik....NM_001362093....exon4....c.G1190T....p.S397I.","B230307C23Rik","NM_001362093","p.S397I","S","I",397,NA,NA,NA,NA,NA
"c..B230307C23Rik....NM_001362093....exon4....c.T1232A....p.I411N.","B230307C23Rik","NM_001362093","p.I411N","I","N",411,NA,NA,NA,NA,NA
"c..Synj2....NM_001357665....exon21....c.A1994G....p.N665S..","Synj2","NM_001357665","p.N665S","N","S",665,NA,NA,NA,NA,NA
"c..Synj2....NM_001357667....exon25....c.A3337C....p.N1113H..","Synj2","NM_001357667","p.N1113H","N","H",1113,NA,NA,NA,NA,NA
"c..Gm38396....NM_001357988....exon4....c.G398A....p.G133D..","Gm38396","NM_001357988","p.G133D","G","D",133,NA,NA,NA,NA,NA
"c..LOC102640673....NM_001362181....exon1....c.A12G....p.I4M..","LOC102640673","NM_001362181","p.I4M","I","M",4,NA,NA,NA,NA,NA
"c..Nfkbil1....NM_001364909....exon3....c.C308A....p.S103Y..","Nfkbil1","NM_001364909","p.S103Y","S","Y",103,NA,NA,NA,NA,NA
"c..Nfkbil1....NM_001364909....exon3....c.T307A....p.S103T..","Nfkbil1","NM_001364909","p.S103T","S","T",103,NA,NA,NA,NA,NA
"c..Ltbp1....NM_001331233....exon14....c.A1915G....p.M639V..","Ltbp1","NM_001331233","p.M639V","M","V",639,NA,NA,NA,NA,NA
"c..Ltbp1....NM_001331235....exon14....c.A1756G....p.M586V..","Ltbp1","NM_001331235","p.M586V","M","V",586,NA,NA,NA,NA,NA
"c..Eml4....NM_001357886....exon22....c.T2419C....p.S807P..","Eml4","NM_001357886","p.S807P","S","P",807,NA,NA,NA,NA,NA
"c..Foxn2....NM_001355743....exon5....c.T782G....p.L261R..","Foxn2","NM_001355743","p.L261R","L","R",261,NA,NA,NA,NA,NA
"c..Ablim3....NM_001360868....exon17....c.C1496T....p.A499V..","Ablim3","NM_001360868","p.A499V","A","V",499,NA,NA,NA,NA,NA
"c..Gm9949....NM_001013754....exon1....c.T2C....p.M1T..","Gm9949","NM_001013754","p.M1T","M","T",1,NA,NA,NA,NA,NA
"c..Gm9949....NM_001013754....exon2....c.T197C....p.L66P..","Gm9949","NM_001013754","p.L66P","L","P",66,NA,NA,NA,NA,NA
"c..Gm9949....NM_001013754....exon2....c.T281C....p.L94P..","Gm9949","NM_001013754","p.L94P","L","P",94,NA,NA,NA,NA,NA
"c..Mro....NM_001360973....exon2....c.T427C....p.S143P..","Mro","NM_001360973","p.S143P","S","P",143,NA,NA,NA,NA,NA
"c..Mbd1....NM_001357422....exon11....c.G809A....p.R270Q..","Mbd1","NM_001357422","p.R270Q","R","Q",270,NA,NA,NA,NA,NA
"c..Mbd1....NM_001357422....exon11....c.A889G....p.T297A..","Mbd1","NM_001357422","p.T297A","T","A",297,NA,NA,NA,NA,NA
"c..Mbd1....NM_001357422....exon11....c.G929C....p.C310S..","Mbd1","NM_001357422","p.C310S","C","S",310,NA,NA,NA,NA,NA
"c..Mbd1....NM_001357422....exon13....c.T1105C....p.S369P..","Mbd1","NM_001357422","p.S369P","S","P",369,NA,NA,NA,NA,NA
"c..Katnal2....NM_001368657....exon6....c.T383C....p.L128P..","Katnal2","NM_001368657","p.L128P","L","P",128,NA,NA,NA,NA,NA
"c..Sall3....NM_001369133....exon3....c.G3922A....p.A1308T..","Sall3","NM_001369133","p.A1308T","A","T",1308,NA,NA,NA,NA,NA
"c..Rfx3....NM_001360357....exon17....c.C2174G....p.A725G..","Rfx3","NM_001360357","p.A725G","A","G",725,NA,NA,NA,NA,NA
"c..Rfx3....NM_001360358....exon18....c.C2267G....p.A756G..","Rfx3","NM_001360358","p.A756G","A","G",756,NA,NA,NA,NA,NA
"c..Fam204a....NM_001358272....exon3....c.A23G....p.E8G..","Fam204a","NM_001358272","p.E8G","E","G",8,NA,NA,NA,NA,NA
"c..Fam204a....NM_001358271....exon4....c.A23G....p.E8G..","Fam204a","NM_001358271","p.E8G","E","G",8,NA,NA,NA,NA,NA
"c..Sfxn4....NM_001362385....exon9....c.C200T....p.P67L..","Sfxn4","NM_001362385","p.P67L","P","L",67,NA,NA,NA,NA,NA
"c..Sfxn4....NM_001362384....exon11....c.C215T....p.P72L..","Sfxn4","NM_001362384","p.P72L","P","L",72,NA,NA,NA,NA,NA
"c..Sfxn4....NM_001362385....exon8....c.C143T....p.S48F..","Sfxn4","NM_001362385","p.S48F","S","F",48,NA,NA,NA,NA,NA
"c..Sfxn4....NM_001362384....exon10....c.C158T....p.S53F..","Sfxn4","NM_001362384","p.S53F","S","F",53,NA,NA,NA,NA,NA
"c..Sfxn4....NM_001362385....exon7....c.G43A....p.G15S..","Sfxn4","NM_001362385","p.G15S","G","S",15,NA,NA,NA,NA,NA
"c..Sfxn4....NM_001362384....exon9....c.G58A....p.G20S..","Sfxn4","NM_001362384","p.G20S","G","S",20,NA,NA,NA,NA,NA
"c..Gm15455....NM_001161816....exon1....c.A1577G....p.Q526R..","Gm15455","NM_001161816","p.Q526R","Q","R",526,NA,NA,NA,NA,NA
"c..Gm15455....NM_001161816....exon1....c.T1516C....p.S506P..","Gm15455","NM_001161816","p.S506P","S","P",506,NA,NA,NA,NA,NA
"c..Dnah7b....NM_001368717....exon28....c.A4495G....p.N1499D..","Dnah7b","NM_001368717","p.N1499D","N","D",1499,NA,NA,NA,NA,NA
"c..C2cd6....NM_026600....exon16....c.T1703A....p.I568N..","C2cd6","NM_026600","p.I568N","I","N",568,NA,NA,NA,NA,NA
"c..Unc80....NM_001368825....exon64....c.C9753G....p.D3251E..","Unc80","NM_001368825","p.D3251E","D","E",3251,NA,NA,NA,NA,NA
"c..Unc80....NM_001368824....exon65....c.C9993G....p.D3331E..","Unc80","NM_001368824","p.D3331E","D","E",3331,NA,NA,NA,NA,NA
"c..Kansl1l....NM_001368830....exon14....c.A2602G....p.T868A..","Kansl1l","NM_001368830","p.T868A","T","A",868,NA,NA,NA,NA,NA
"c..Kansl1l....NM_001357157....exon15....c.A2704G....p.T902A..","Kansl1l","NM_001357157","p.T902A","T","A",902,NA,NA,NA,NA,NA
"c..Kansl1l....NM_001368830....exon13....c.C2443G....p.P815A..","Kansl1l","NM_001368830","p.P815A","P","A",815,NA,NA,NA,NA,NA
"c..Kansl1l....NM_001357157....exon14....c.C2545G....p.P849A..","Kansl1l","NM_001357157","p.P849A","P","A",849,NA,NA,NA,NA,NA
"c..Atg4b....NM_001368266....exon10....c.C875A....p.T292K..","Atg4b","NM_001368266","p.T292K","T","K",292,NA,NA,NA,NA,NA
"c..Serpinb10....NM_198028....exon5....c.C299T....p.S100F..","Serpinb10","NM_198028","p.S100F","S","F",100,NA,NA,NA,NA,NA
"c..Cdh7....NM_001316744....exon7....c.C745G....p.L249V..","Cdh7","NM_001316744","p.L249V","L","V",249,NA,NA,NA,NA,NA
"c..Ipo9....NM_001357575....exon14....c.T1343C....p.V448A..","Ipo9","NM_001357575","p.V448A","V","A",448,NA,NA,NA,NA,NA
"c..Ralgps2....NM_001357391....exon11....c.A336G....p.I112M..","Ralgps2","NM_001357391","p.I112M","I","M",112,NA,NA,NA,NA,NA
"c..Ralgps2....NM_001357392....exon11....c.A336G....p.I112M..","Ralgps2","NM_001357392","p.I112M","I","M",112,NA,NA,NA,NA,NA
"c..Suco....NM_001357402....exon18....c.A2143G....p.I715V..","Suco","NM_001357402","p.I715V","I","V",715,NA,NA,NA,NA,NA
"c..Dusp12....NM_001356486....exon6....c.T617C....p.V206A..","Dusp12","NM_001356486","p.V206A","V","A",206,NA,NA,NA,NA,NA
"c..Dusp12....NM_001356485....exon5....c.C734G....p.P245R..","Dusp12","NM_001356485","p.P245R","P","R",245,NA,NA,NA,NA,NA
"c..Dusp12....NM_001356486....exon3....c.A199G....p.K67E..","Dusp12","NM_001356486","p.K67E","K","E",67,NA,NA,NA,NA,NA
"c..Dusp12....NM_001356486....exon3....c.G194A....p.C65Y..","Dusp12","NM_001356486","p.C65Y","C","Y",65,NA,NA,NA,NA,NA
"c..Pfdn2....NM_001360825....exon3....c.G31C....p.D11H..","Pfdn2","NM_001360825","p.D11H","D","H",11,NA,NA,NA,NA,NA
"c..Pfdn2....NM_001360824....exon4....c.C296A....p.P99Q..","Pfdn2","NM_001360824","p.P99Q","P","Q",99,NA,NA,NA,NA,NA
"c..Pfdn2....NM_001360824....exon4....c.G305A....p.R102K..","Pfdn2","NM_001360824","p.R102K","R","K",102,NA,NA,NA,NA,NA
"c..Eprs....NM_001357474....exon16....c.T1873C....p.S625P..","Eprs","NM_001357474","p.S625P","S","P",625,NA,NA,NA,NA,NA
"c..Eprs....NM_001357474....exon20....c.C2634G....p.D878E..","Eprs","NM_001357474","p.D878E","D","E",878,NA,NA,NA,NA,NA
"c..Trub2....NM_001290495....exon6....c.A188G....p.N63S..","Trub2","NM_001290495","p.N63S","N","S",63,NA,NA,NA,NA,NA
"c..Rif1....NM_001355415....exon17....c.C1758G....p.F586L..","Rif1","NM_001355415","p.F586L","F","L",586,NA,NA,NA,NA,NA
"c..Rif1....NM_001355415....exon20....c.T2149G....p.S717A..","Rif1","NM_001355415","p.S717A","S","A",717,NA,NA,NA,NA,NA
"c..Rif1....NM_001355415....exon20....c.T2228C....p.V743A..","Rif1","NM_001355415","p.V743A","V","A",743,NA,NA,NA,NA,NA
"c..Rif1....NM_001355415....exon25....c.T2876G....p.I959S..","Rif1","NM_001355415","p.I959S","I","S",959,NA,NA,NA,NA,NA
"c..Rif1....NM_001355415....exon30....c.T3365C....p.M1122T..","Rif1","NM_001355415","p.M1122T","M","T",1122,NA,NA,NA,NA,NA
"c..Rif1....NM_001355415....exon30....c.T3535A....p.L1179M..","Rif1","NM_001355415","p.L1179M","L","M",1179,NA,NA,NA,NA,NA
"c..Rif1....NM_001355415....exon30....c.A3714G....p.I1238M..","Rif1","NM_001355415","p.I1238M","I","M",1238,NA,NA,NA,NA,NA
"c..Rif1....NM_001355415....exon30....c.G4750T....p.A1584S..","Rif1","NM_001355415","p.A1584S","A","S",1584,NA,NA,NA,NA,NA
"c..Rif1....NM_001355415....exon30....c.A5012C....p.N1671T..","Rif1","NM_001355415","p.N1671T","N","T",1671,NA,NA,NA,NA,NA
"c..Rif1....NM_001355415....exon30....c.G5314T....p.V1772L..","Rif1","NM_001355415","p.V1772L","V","L",1772,NA,NA,NA,NA,NA
"c..Rif1....NM_001355415....exon30....c.C5392T....p.P1798S..","Rif1","NM_001355415","p.P1798S","P","S",1798,NA,NA,NA,NA,NA
"c..Rif1....NM_001355415....exon30....c.G5407A....p.V1803M..","Rif1","NM_001355415","p.V1803M","V","M",1803,NA,NA,NA,NA,NA
"c..Rif1....NM_001355415....exon30....c.C5989T....p.L1997F..","Rif1","NM_001355415","p.L1997F","L","F",1997,NA,NA,NA,NA,NA
"c..Rif1....NM_001355415....exon30....c.T6071C....p.M2024T..","Rif1","NM_001355415","p.M2024T","M","T",2024,NA,NA,NA,NA,NA
"c..Rif1....NM_001355415....exon30....c.T6156A....p.N2052K..","Rif1","NM_001355415","p.N2052K","N","K",2052,NA,NA,NA,NA,NA
"c..Zfp385b....NM_001363039....exon6....c.T797C....p.M266T..","Zfp385b","NM_001363039","p.M266T","M","T",266,NA,NA,NA,NA,NA
"c..Ano3....NM_001355246....exon4....c.T448G....p.L150V..","Ano3","NM_001355246","p.L150V","L","V",150,NA,NA,NA,NA,NA
"c..Eif2ak4....NM_001355383....exon11....c.A1780G....p.I594V..","Eif2ak4","NM_001355383","p.I594V","I","V",594,NA,NA,NA,NA,NA
"c..Eif2ak4....NM_001355383....exon14....c.G2089C....p.G697R..","Eif2ak4","NM_001355383","p.G697R","G","R",697,NA,NA,NA,NA,NA
"c..Eif2ak4....NM_001355383....exon27....c.C3578T....p.A1193V.","Eif2ak4","NM_001355383","p.A1193V","A","V",1193,NA,NA,NA,NA,NA
"c..Pla2g4e....NM_001363091....exon12....c.G115A....p.A39T..","Pla2g4e","NM_001363091","p.A39T","A","T",39,NA,NA,NA,NA,NA
"c..Pla2g4e....NM_001363090....exon13....c.G967A....p.A323T..","Pla2g4e","NM_001363090","p.A323T","A","T",323,NA,NA,NA,NA,NA
"c..Pla2g4e....NM_001363090....exon12....c.G764A....p.S255N..","Pla2g4e","NM_001363090","p.S255N","S","N",255,NA,NA,NA,NA,NA
"c..Pla2g4e....NM_001363090....exon9....c.A509G....p.Q170R..","Pla2g4e","NM_001363090","p.Q170R","Q","R",170,NA,NA,NA,NA,NA
"c..Pla2g4f....NM_001363073....exon19....c.G2260A....p.A754T..","Pla2g4f","NM_001363073","p.A754T","A","T",754,NA,NA,NA,NA,NA
"c..Pla2g4f....NM_001363074....exon19....c.G2260A....p.A754T..","Pla2g4f","NM_001363074","p.A754T","A","T",754,NA,NA,NA,NA,NA
"c..Pla2g4f....NM_001363075....exon19....c.G2257A....p.A753T..","Pla2g4f","NM_001363075","p.A753T","A","T",753,NA,NA,NA,NA,NA
"c..Pla2g4f....NM_001363073....exon15....c.C1574T....p.A525V..","Pla2g4f","NM_001363073","p.A525V","A","V",525,NA,NA,NA,NA,NA
"c..Pla2g4f....NM_001363074....exon15....c.C1574T....p.A525V..","Pla2g4f","NM_001363074","p.A525V","A","V",525,NA,NA,NA,NA,NA
"c..Pla2g4f....NM_001363075....exon15....c.C1571T....p.A524V..","Pla2g4f","NM_001363075","p.A524V","A","V",524,NA,NA,NA,NA,NA
"c..Pla2g4f....NM_001363075....exon14....c.G1513T....p.D505Y..","Pla2g4f","NM_001363075","p.D505Y","D","Y",505,NA,NA,NA,NA,NA
"c..Pla2g4f....NM_001363074....exon10....c.T886A....p.S296T..","Pla2g4f","NM_001363074","p.S296T","S","T",296,NA,NA,NA,NA,NA
"c..Pla2g4f....NM_001363075....exon10....c.T886A....p.S296T..","Pla2g4f","NM_001363075","p.S296T","S","T",296,NA,NA,NA,NA,NA
"c..Pla2g4f....NM_001363074....exon8....c.G697A....p.V233M..","Pla2g4f","NM_001363074","p.V233M","V","M",233,NA,NA,NA,NA,NA
"c..Pla2g4f....NM_001363075....exon8....c.G697A....p.V233M..","Pla2g4f","NM_001363075","p.V233M","V","M",233,NA,NA,NA,NA,NA
"c..Pla2g4f....NM_001363074....exon4....c.C392T....p.T131M..","Pla2g4f","NM_001363074","p.T131M","T","M",131,NA,NA,NA,NA,NA
"c..Pla2g4f....NM_001363075....exon4....c.C392T....p.T131M..","Pla2g4f","NM_001363075","p.T131M","T","M",131,NA,NA,NA,NA,NA
"c..Pla2g4f....NM_001363074....exon3....c.C293A....p.P98H..","Pla2g4f","NM_001363074","p.P98H","P","H",98,NA,NA,NA,NA,NA
"c..Pla2g4f....NM_001363075....exon3....c.C293A....p.P98H..","Pla2g4f","NM_001363075","p.P98H","P","H",98,NA,NA,NA,NA,NA
"c..Sirpa....NM_001355160....exon2....c.C50T....p.A17V..","Sirpa","NM_001355160","p.A17V","A","V",17,NA,NA,NA,NA,NA
"c..Sirpa....NM_001355160....exon2....c.G164A....p.R55K..","Sirpa","NM_001355160","p.R55K","R","K",55,NA,NA,NA,NA,NA
"c..Sirpa....NM_001355160....exon2....c.G211A....p.A71T..","Sirpa","NM_001355160","p.A71T","A","T",71,NA,NA,NA,NA,NA
"c..Sirpa....NM_001355160....exon2....c.T220C....p.Y74H..","Sirpa","NM_001355160","p.Y74H","Y","H",74,NA,NA,NA,NA,NA
"c..Sirpa....NM_001355160....exon2....c.G223T....p.V75F..","Sirpa","NM_001355160","p.V75F","V","F",75,NA,NA,NA,NA,NA
"c..Sirpa....NM_001355160....exon2....c.A232G....p.I78V..","Sirpa","NM_001355160","p.I78V","I","V",78,NA,NA,NA,NA,NA
"c..Sirpa....NM_001355160....exon2....c.G236C....p.R79T..","Sirpa","NM_001355160","p.R79T","R","T",79,NA,NA,NA,NA,NA
"c..Sirpa....NM_001355160....exon2....c.A250G....p.T84A..","Sirpa","NM_001355160","p.T84A","T","A",84,NA,NA,NA,NA,NA
"c..Sirpa....NM_001355160....exon2....c.C305A....p.A102E..","Sirpa","NM_001355160","p.A102E","A","E",102,NA,NA,NA,NA,NA
"c..Sirpa....NM_001355160....exon2....c.T346C....p.S116P..","Sirpa","NM_001355160","p.S116P","S","P",116,NA,NA,NA,NA,NA
"c..Sirpa....NM_001355160....exon3....c.C545A....p.P182H..","Sirpa","NM_001355160","p.P182H","P","H",182,NA,NA,NA,NA,NA
"c..Sirpa....NM_001355160....exon3....c.A634C....p.N212H..","Sirpa","NM_001355160","p.N212H","N","H",212,NA,NA,NA,NA,NA
"c..Sirpa....NM_001355160....exon4....c.T1015C....p.F339L..","Sirpa","NM_001355160","p.F339L","F","L",339,NA,NA,NA,NA,NA
"c..Sirpa....NM_001355160....exon5....c.A1058G....p.D353G..","Sirpa","NM_001355160","p.D353G","D","G",353,NA,NA,NA,NA,NA
"c..Trmt6....NM_001356442....exon7....c.G755A....p.S252N..","Trmt6","NM_001356442","p.S252N","S","N",252,NA,NA,NA,NA,NA
"c..Trmt6....NM_001356443....exon7....c.G335A....p.S112N..","Trmt6","NM_001356443","p.S112N","S","N",112,NA,NA,NA,NA,NA
"c..Trmt6....NM_001356444....exon7....c.G299A....p.S100N..","Trmt6","NM_001356444","p.S100N","S","N",100,NA,NA,NA,NA,NA
"c..Trmt6....NM_001356442....exon5....c.G382A....p.V128I..","Trmt6","NM_001356442","p.V128I","V","I",128,NA,NA,NA,NA,NA
"c..Trmt6....NM_001356442....exon2....c.T163C....p.S55P..","Trmt6","NM_001356442","p.S55P","S","P",55,NA,NA,NA,NA,NA
"c..Mkks....NM_001286983....exon5....c.T473C....p.V158A..","Mkks","NM_001286983","p.V158A","V","A",158,NA,NA,NA,NA,NA
"c..Mkks....NM_001286983....exon5....c.C236T....p.T79M..","Mkks","NM_001286983","p.T79M","T","M",79,NA,NA,NA,NA,NA
"c..Dzank1....NM_001360361....exon11....c.A1111G....p.I371V..","Dzank1","NM_001360361","p.I371V","I","V",371,NA,NA,NA,NA,NA
"c..Dzank1....NM_001360363....exon11....c.A1111G....p.I371V..","Dzank1","NM_001360363","p.I371V","I","V",371,NA,NA,NA,NA,NA
"c..Uqcc1....NM_001355443....exon3....c.A248G....p.N83S..","Uqcc1","NM_001355443","p.N83S","N","S",83,NA,NA,NA,NA,NA
"c..Epb41l1....NM_001368802....exon15....c.C1736T....p.T579M..","Epb41l1","NM_001368802","p.T579M","T","M",579,NA,NA,NA,NA,NA
"c..Epb41l1....NM_001368801....exon16....c.C1715T....p.T572M..","Epb41l1","NM_001368801","p.T572M","T","M",572,NA,NA,NA,NA,NA
"c..Epb41l1....NM_001368800....exon18....c.C3770T....p.T1257M.","Epb41l1","NM_001368800","p.T1257M","T","M",1257,NA,NA,NA,NA,NA
"c..Ctcfl....NM_001355185....exon11....c.A1917G....p.I639M..","Ctcfl","NM_001355185","p.I639M","I","M",639,NA,NA,NA,NA,NA
"c..Myt1....NM_001171680....exon1....c.G20A....p.R7H..","Myt1","NM_001171680","p.R7H","R","H",7,NA,NA,NA,NA,NA
"c..Arhgef11....NM_001360197....exon24....c.T466G....p.S156A..","Arhgef11","NM_001360197","p.S156A","S","A",156,NA,NA,NA,NA,NA
"c..Arhgef11....NM_001360197....exon28....c.T847C....p.Y283H..","Arhgef11","NM_001360197","p.Y283H","Y","H",283,NA,NA,NA,NA,NA
"c..Celf3....NM_001357784....exon10....c.C1021T....p.P341S..","Celf3","NM_001357784","p.P341S","P","S",341,NA,NA,NA,NA,NA
"c..Ankrd35....NM_001356539....exon10....c.A821G....p.H274R..","Ankrd35","NM_001356539","p.H274R","H","R",274,NA,NA,NA,NA,NA
"c..Ankrd35....NM_001356540....exon10....c.A821G....p.H274R..","Ankrd35","NM_001356540","p.H274R","H","R",274,NA,NA,NA,NA,NA
"c..Ankrd35....NM_001356539....exon10....c.C866T....p.A289V..","Ankrd35","NM_001356539","p.A289V","A","V",289,NA,NA,NA,NA,NA
"c..Ankrd35....NM_001356540....exon10....c.C866T....p.A289V..","Ankrd35","NM_001356540","p.A289V","A","V",289,NA,NA,NA,NA,NA
"c..Ankrd35....NM_001356539....exon10....c.G955C....p.E319Q..","Ankrd35","NM_001356539","p.E319Q","E","Q",319,NA,NA,NA,NA,NA
"c..Ankrd35....NM_001356540....exon10....c.G955C....p.E319Q..","Ankrd35","NM_001356540","p.E319Q","E","Q",319,NA,NA,NA,NA,NA
"c..Ankrd35....NM_001356539....exon10....c.A1062C....p.E354D..","Ankrd35","NM_001356539","p.E354D","E","D",354,NA,NA,NA,NA,NA
"c..Ankrd35....NM_001356540....exon10....c.A1062C....p.E354D..","Ankrd35","NM_001356540","p.E354D","E","D",354,NA,NA,NA,NA,NA
"c..Ankrd35....NM_001356539....exon10....c.G1101C....p.K367N..","Ankrd35","NM_001356539","p.K367N","K","N",367,NA,NA,NA,NA,NA
"c..Ankrd35....NM_001356540....exon10....c.G1101C....p.K367N..","Ankrd35","NM_001356540","p.K367N","K","N",367,NA,NA,NA,NA,NA
"c..Ankrd35....NM_001356539....exon10....c.T1913G....p.L638R..","Ankrd35","NM_001356539","p.L638R","L","R",638,NA,NA,NA,NA,NA
"c..Ankrd35....NM_001356540....exon10....c.T1913G....p.L638R..","Ankrd35","NM_001356540","p.L638R","L","R",638,NA,NA,NA,NA,NA
"c..Ankrd35....NM_001356539....exon10....c.G2218A....p.A740T..","Ankrd35","NM_001356539","p.A740T","A","T",740,NA,NA,NA,NA,NA
"c..Ankrd35....NM_001356540....exon10....c.G2218A....p.A740T..","Ankrd35","NM_001356540","p.A740T","A","T",740,NA,NA,NA,NA,NA
"c..Capza1....NM_001355044....exon8....c.A457G....p.I153V..","Capza1","NM_001355044","p.I153V","I","V",153,NA,NA,NA,NA,NA
"c..Wdr47....NM_001358053....exon8....c.C1637T....p.P546L..","Wdr47","NM_001358053","p.P546L","P","L",546,NA,NA,NA,NA,NA
"c..Abcd3....NM_001355756....exon19....c.A1390G....p.I464V..","Abcd3","NM_001355756","p.I464V","I","V",464,NA,NA,NA,NA,NA
"c..1700006A11Rik....NM_001357195....exon7....c.A823G....p.S275G.","1700006A11Rik","NM_001357195","p.S275G","S","G",275,NA,NA,NA,NA,NA
"c..1700006A11Rik....NM_001357195....exon2....c.T25C....p.F9L.","1700006A11Rik","NM_001357195","p.F9L","F","L",9,NA,NA,NA,NA,NA
"c..Ank2....NM_001327938....exon47....c.C11878T....p.L3960F..","Ank2","NM_001327938","p.L3960F","L","F",3960,NA,NA,NA,NA,NA
"c..Ank2....NM_001327938....exon44....c.G11408A....p.S3803N..","Ank2","NM_001327938","p.S3803N","S","N",3803,NA,NA,NA,NA,NA
"c..Ank2....NM_001327938....exon41....c.G10801T....p.G3601W..","Ank2","NM_001327938","p.G3601W","G","W",3601,NA,NA,NA,NA,NA
"c..Ank2....NM_001327938....exon39....c.A9734G....p.Q3245R..","Ank2","NM_001327938","p.Q3245R","Q","R",3245,NA,NA,NA,NA,NA
"c..Ank2....NM_001327938....exon39....c.G9731A....p.G3244E..","Ank2","NM_001327938","p.G3244E","G","E",3244,NA,NA,NA,NA,NA
"c..Ank2....NM_001327938....exon39....c.G9469A....p.D3157N..","Ank2","NM_001327938","p.D3157N","D","N",3157,NA,NA,NA,NA,NA
"c..Ank2....NM_001327938....exon39....c.G9020A....p.G3007E..","Ank2","NM_001327938","p.G3007E","G","E",3007,NA,NA,NA,NA,NA
"c..Ank2....NM_001327938....exon39....c.G8637T....p.M2879I..","Ank2","NM_001327938","p.M2879I","M","I",2879,NA,NA,NA,NA,NA
"c..Ank2....NM_001327938....exon39....c.T8636C....p.M2879T..","Ank2","NM_001327938","p.M2879T","M","T",2879,NA,NA,NA,NA,NA
"c..Ank2....NM_001327938....exon39....c.A5771G....p.H1924R..","Ank2","NM_001327938","p.H1924R","H","R",1924,NA,NA,NA,NA,NA
"c..Cfi....NM_001329552....exon7....c.A913G....p.I305V..","Cfi","NM_001329552","p.I305V","I","V",305,NA,NA,NA,NA,NA
"c..Cfi....NM_001329552....exon8....c.C938T....p.A313V..","Cfi","NM_001329552","p.A313V","A","V",313,NA,NA,NA,NA,NA
"c..Cfi....NM_001329552....exon9....c.G978A....p.M326I..","Cfi","NM_001329552","p.M326I","M","I",326,NA,NA,NA,NA,NA
"c..Cfi....NM_001329552....exon9....c.A998T....p.N333I..","Cfi","NM_001329552","p.N333I","N","I",333,NA,NA,NA,NA,NA
"c..Aimp1....NM_001368626....exon5....c.C551T....p.P184L..","Aimp1","NM_001368626","p.P184L","P","L",184,NA,NA,NA,NA,NA
"c..Col24a1....NM_001317733....exon39....c.C893T....p.T298M..","Col24a1","NM_001317733","p.T298M","T","M",298,NA,NA,NA,NA,NA
"c..Klhl32....NM_001355618....exon6....c.T523C....p.C175R..","Klhl32","NM_001355618","p.C175R","C","R",175,NA,NA,NA,NA,NA
"c..Cdk5rap2....NM_001313762....exon32....c.A4442T....p.N1481I.","Cdk5rap2","NM_001313762","p.N1481I","N","I",1481,NA,NA,NA,NA,NA
"c..Cdk5rap2....NM_001313762....exon21....c.G2576A....p.R859Q.","Cdk5rap2","NM_001313762","p.R859Q","R","Q",859,NA,NA,NA,NA,NA
"c..Cdk5rap2....NM_001313762....exon18....c.T1833A....p.H611Q.","Cdk5rap2","NM_001313762","p.H611Q","H","Q",611,NA,NA,NA,NA,NA
"c..Ccdc30....NM_028857....exon3....c.C129A....p.N43K..","Ccdc30","NM_028857","p.N43K","N","K",43,NA,NA,NA,NA,NA
"c..Scmh1....NM_001355424....exon9....c.A878G....p.K293R..","Scmh1","NM_001355424","p.K293R","K","R",293,NA,NA,NA,NA,NA
"c..D830031N03Rik....NM_001167918....exon1....c.A2796T....p.Q932H.","D830031N03Rik","NM_001167918","p.Q932H","Q","H",932,NA,NA,NA,NA,NA
"c..Rhbdl2....NM_001356445....exon5....c.T467G....p.V156G..","Rhbdl2","NM_001356445","p.V156G","V","G",156,NA,NA,NA,NA,NA
"c..Csf3r....NM_001252651....exon8....c.G812A....p.S271N..","Csf3r","NM_001252651","p.S271N","S","N",271,NA,NA,NA,NA,NA
"c..Tmem234....NM_001368258....exon3....c.A35C....p.Q12P..","Tmem234","NM_001368258","p.Q12P","Q","P",12,NA,NA,NA,NA,NA
"c..Tmem234....NM_001368259....exon3....c.A35C....p.Q12P..","Tmem234","NM_001368259","p.Q12P","Q","P",12,NA,NA,NA,NA,NA
"c..Tmem39b....NM_001356378....exon8....c.A665G....p.H222R..","Tmem39b","NM_001356378","p.H222R","H","R",222,NA,NA,NA,NA,NA
"c..Slc45a1....NM_001355737....exon9....c.T1673G....p.V558G..","Slc45a1","NM_001355737","p.V558G","V","G",558,NA,NA,NA,NA,NA
"c..Per3....NM_001289877....exon17....c.G2287A....p.G763S..","Per3","NM_001289877","p.G763S","G","S",763,NA,NA,NA,NA,NA
"c..Per3....NM_001289878....exon18....c.G1345A....p.G449S..","Per3","NM_001289878","p.G449S","G","S",449,NA,NA,NA,NA,NA
"c..Per3....NM_001289878....exon10....c.G176A....p.R59Q..","Per3","NM_001289878","p.R59Q","R","Q",59,NA,NA,NA,NA,NA
"c..Plch2....NM_001356470....exon21....c.A3113G....p.Q1038R..","Plch2","NM_001356470","p.Q1038R","Q","R",1038,NA,NA,NA,NA,NA
"c..Depdc5....NM_001360014....exon30....c.G2545T....p.A849S..","Depdc5","NM_001360014","p.A849S","A","S",849,NA,NA,NA,NA,NA
"c..Adgrl3....NM_001359826....exon25....c.G3371A....p.S1124N..","Adgrl3","NM_001359826","p.S1124N","S","N",1124,NA,NA,NA,NA,NA
"c..Adgrl3....NM_001359833....exon25....c.G3881A....p.S1294N..","Adgrl3","NM_001359833","p.S1294N","S","N",1294,NA,NA,NA,NA,NA
"c..Ccdc158....NM_001360018....exon24....c.C3167T....p.S1056F.","Ccdc158","NM_001360018","p.S1056F","S","F",1056,NA,NA,NA,NA,NA
"c..Ccdc158....NM_001360018....exon23....c.C3107G....p.T1036R.","Ccdc158","NM_001360018","p.T1036R","T","R",1036,NA,NA,NA,NA,NA
"c..Zfp644....NM_001363323....exon4....c.G3499A....p.V1167M..","Zfp644","NM_001363323","p.V1167M","V","M",1167,NA,NA,NA,NA,NA
"c..Zfp644....NM_001363322....exon5....c.G3541A....p.V1181M..","Zfp644","NM_001363322","p.V1181M","V","M",1181,NA,NA,NA,NA,NA
"c..Zfp644....NM_001363322....exon3....c.A599G....p.N200S..","Zfp644","NM_001363322","p.N200S","N","S",200,NA,NA,NA,NA,NA
"c..Rpap2....NM_001359916....exon8....c.A749C....p.D250A..","Rpap2","NM_001359916","p.D250A","D","A",250,NA,NA,NA,NA,NA
"c..Rpap2....NM_001359916....exon8....c.C1041G....p.H347Q..","Rpap2","NM_001359916","p.H347Q","H","Q",347,NA,NA,NA,NA,NA
"c..Mtf2....NM_001359088....exon14....c.A1322C....p.N441T..","Mtf2","NM_001359088","p.N441T","N","T",441,NA,NA,NA,NA,NA
"c..Mtf2....NM_001359089....exon15....c.A983C....p.N328T..","Mtf2","NM_001359089","p.N328T","N","T",328,NA,NA,NA,NA,NA
"c..Dgkq....NM_001357029....exon23....c.A2048T....p.N683I..","Dgkq","NM_001357029","p.N683I","N","I",683,NA,NA,NA,NA,NA
"c..Dgkq....NM_001357029....exon12....c.A663C....p.E221D..","Dgkq","NM_001357029","p.E221D","E","D",221,NA,NA,NA,NA,NA
"c..Chek2....NM_001363308....exon14....c.A844G....p.S282G..","Chek2","NM_001363308","p.S282G","S","G",282,NA,NA,NA,NA,NA
"c..Sgsm1....NM_001309526....exon13....c.G2192A....p.C731Y..","Sgsm1","NM_001309526","p.C731Y","C","Y",731,NA,NA,NA,NA,NA
"c..Sgsm1....NM_001309526....exon13....c.T2191C....p.C731R..","Sgsm1","NM_001309526","p.C731R","C","R",731,NA,NA,NA,NA,NA
"c..Oasl2....NM_001359181....exon3....c.G77A....p.R26H..","Oasl2","NM_001359181","p.R26H","R","H",26,NA,NA,NA,NA,NA
"c..Tecpr1....NM_001356993....exon25....c.C1888T....p.R630C..","Tecpr1","NM_001356993","p.R630C","R","C",630,NA,NA,NA,NA,NA
"c..Zkscan5....NM_001359188....exon3....c.T110C....p.V37A..","Zkscan5","NM_001359188","p.V37A","V","A",37,NA,NA,NA,NA,NA
"c..Zkscan5....NM_001359190....exon4....c.A1423G....p.K475E..","Zkscan5","NM_001359190","p.K475E","K","E",475,NA,NA,NA,NA,NA
"c..Zkscan5....NM_001359187....exon6....c.A2044G....p.K682E..","Zkscan5","NM_001359187","p.K682E","K","E",682,NA,NA,NA,NA,NA
"c..Zkscan5....NM_001359188....exon6....c.A1642G....p.K548E..","Zkscan5","NM_001359188","p.K548E","K","E",548,NA,NA,NA,NA,NA
"c..Zfp655....NM_001363452....exon4....c.G520C....p.A174P..","Zfp655","NM_001363452","p.A174P","A","P",174,NA,NA,NA,NA,NA
"c..Rnf6....NM_001256086....exon6....c.A1070G....p.H357R..","Rnf6","NM_001256086","p.H357R","H","R",357,NA,NA,NA,NA,NA
"c..Stard13....NM_001359985....exon10....c.G2170T....p.A724S..","Stard13","NM_001359985","p.A724S","A","S",724,NA,NA,NA,NA,NA
"c..Stard13....NM_001359985....exon8....c.A1964G....p.K655R..","Stard13","NM_001359985","p.K655R","K","R",655,NA,NA,NA,NA,NA
"c..Stard13....NM_001359985....exon8....c.C1826T....p.A609V..","Stard13","NM_001359985","p.A609V","A","V",609,NA,NA,NA,NA,NA
"c..Stard13....NM_001359985....exon4....c.A622G....p.M208V..","Stard13","NM_001359985","p.M208V","M","V",208,NA,NA,NA,NA,NA
"c..Rtkn....NM_001355524....exon11....c.C1463T....p.A488V..","Rtkn","NM_001355524","p.A488V","A","V",488,NA,NA,NA,NA,NA
"c..Rtkn....NM_001355525....exon11....c.C1463T....p.A488V..","Rtkn","NM_001355525","p.A488V","A","V",488,NA,NA,NA,NA,NA
"c..Abtb1....NM_001362152....exon8....c.T430C....p.Y144H..","Abtb1","NM_001362152","p.Y144H","Y","H",144,NA,NA,NA,NA,NA
"c..Lrmp....NM_001368864....exon4....c.A38G....p.D13G..","Lrmp","NM_001368864","p.D13G","D","G",13,NA,NA,NA,NA,NA
"c..Lrmp....NM_001281981....exon5....c.A38G....p.D13G..","Lrmp","NM_001281981","p.D13G","D","G",13,NA,NA,NA,NA,NA
"c..Lrmp....NM_001368864....exon4....c.G45C....p.L15F..","Lrmp","NM_001368864","p.L15F","L","F",15,NA,NA,NA,NA,NA
"c..Lrmp....NM_001281981....exon5....c.G45C....p.L15F..","Lrmp","NM_001281981","p.L15F","L","F",15,NA,NA,NA,NA,NA
"c..Lrmp....NM_001361633....exon16....c.G1024A....p.G342R..","Lrmp","NM_001361633","p.G342R","G","R",342,NA,NA,NA,NA,NA
"c..Lrmp....NM_001368864....exon18....c.G1183A....p.G395R..","Lrmp","NM_001368864","p.G395R","G","R",395,NA,NA,NA,NA,NA
"c..Lrmp....NM_001281981....exon19....c.G1183A....p.G395R..","Lrmp","NM_001281981","p.G395R","G","R",395,NA,NA,NA,NA,NA
"c..Lrmp....NM_001361633....exon17....c.T1322C....p.L441P..","Lrmp","NM_001361633","p.L441P","L","P",441,NA,NA,NA,NA,NA
"c..Pirb....NM_001357394....exon15....c.A2524G....p.M842V..","Pirb","NM_001357394","p.M842V","M","V",842,NA,NA,NA,NA,NA
"c..Ncr1....NM_001368364....exon3....c.A356G....p.Q119R..","Ncr1","NM_001368364","p.Q119R","Q","R",119,NA,NA,NA,NA,NA
"c..Zfp30....NM_001360207....exon5....c.T452C....p.L151P..","Zfp30","NM_001360207","p.L151P","L","P",151,NA,NA,NA,NA,NA
"c..Zfp30....NM_001360208....exon5....c.T449C....p.L150P..","Zfp30","NM_001360208","p.L150P","L","P",150,NA,NA,NA,NA,NA
"c..Zfp30....NM_001360209....exon5....c.T395C....p.L132P..","Zfp30","NM_001360209","p.L132P","L","P",132,NA,NA,NA,NA,NA
"c..Zfp30....NM_001360207....exon5....c.A482T....p.Y161F..","Zfp30","NM_001360207","p.Y161F","Y","F",161,NA,NA,NA,NA,NA
"c..Zfp30....NM_001360208....exon5....c.A479T....p.Y160F..","Zfp30","NM_001360208","p.Y160F","Y","F",160,NA,NA,NA,NA,NA
"c..Zfp30....NM_001360209....exon5....c.A425T....p.Y142F..","Zfp30","NM_001360209","p.Y142F","Y","F",142,NA,NA,NA,NA,NA
"c..Zfp30....NM_001360207....exon5....c.G554C....p.R185P..","Zfp30","NM_001360207","p.R185P","R","P",185,NA,NA,NA,NA,NA
"c..Zfp30....NM_001360208....exon5....c.G551C....p.R184P..","Zfp30","NM_001360208","p.R184P","R","P",184,NA,NA,NA,NA,NA
"c..Zfp30....NM_001360209....exon5....c.G497C....p.R166P..","Zfp30","NM_001360209","p.R166P","R","P",166,NA,NA,NA,NA,NA
"c..Zfp30....NM_001360207....exon5....c.C571T....p.P191S..","Zfp30","NM_001360207","p.P191S","P","S",191,NA,NA,NA,NA,NA
"c..Zfp30....NM_001360208....exon5....c.C568T....p.P190S..","Zfp30","NM_001360208","p.P190S","P","S",190,NA,NA,NA,NA,NA
"c..Zfp30....NM_001360209....exon5....c.C514T....p.P172S..","Zfp30","NM_001360209","p.P172S","P","S",172,NA,NA,NA,NA,NA
"c..Zfp30....NM_001360207....exon5....c.G746A....p.S249N..","Zfp30","NM_001360207","p.S249N","S","N",249,NA,NA,NA,NA,NA
"c..Zfp30....NM_001360208....exon5....c.G743A....p.S248N..","Zfp30","NM_001360208","p.S248N","S","N",248,NA,NA,NA,NA,NA
"c..Zfp30....NM_001360209....exon5....c.G689A....p.S230N..","Zfp30","NM_001360209","p.S230N","S","N",230,NA,NA,NA,NA,NA
"c..EU599041....NM_001177525....exon4....c.A337G....p.T113A..","EU599041","NM_001177525","p.T113A","T","A",113,NA,NA,NA,NA,NA
"c..EU599041....NM_001177525....exon4....c.C442G....p.L148V..","EU599041","NM_001177525","p.L148V","L","V",148,NA,NA,NA,NA,NA
"c..EU599041....NM_001177525....exon4....c.T455C....p.I152T..","EU599041","NM_001177525","p.I152T","I","T",152,NA,NA,NA,NA,NA
"c..EU599041....NM_001177525....exon4....c.T457C....p.Y153H..","EU599041","NM_001177525","p.Y153H","Y","H",153,NA,NA,NA,NA,NA
"c..Ntn5....NM_001358870....exon7....c.C1370T....p.A457V..","Ntn5","NM_001358870","p.A457V","A","V",457,NA,NA,NA,NA,NA
"c..Ccdc114....NM_001364168....exon11....c.T1208C....p.V403A..","Ccdc114","NM_001364168","p.V403A","V","A",403,NA,NA,NA,NA,NA
"c..Acan....NM_001361500....exon14....c.A5927C....p.H1976P..","Acan","NM_001361500","p.H1976P","H","P",1976,NA,NA,NA,NA,NA
"c..Polg....NM_001360096....exon19....c.T2254G....p.S752A..","Polg","NM_001360096","p.S752A","S","A",752,NA,NA,NA,NA,NA
"c..Polg....NM_001360095....exon20....c.T1339G....p.S447A..","Polg","NM_001360095","p.S447A","S","A",447,NA,NA,NA,NA,NA
"c..Polg....NM_001360096....exon10....c.G1181A....p.S394N..","Polg","NM_001360096","p.S394N","S","N",394,NA,NA,NA,NA,NA
"c..Polg....NM_001360096....exon3....c.T109C....p.S37P..","Polg","NM_001360096","p.S37P","S","P",37,NA,NA,NA,NA,NA
"c..Il16....NM_001360088....exon12....c.C101T....p.T34I..","Il16","NM_001360088","p.T34I","T","I",34,NA,NA,NA,NA,NA
"c..Zfand6....NM_001360582....exon3....c.C212T....p.P71L..","Zfand6","NM_001360582","p.P71L","P","L",71,NA,NA,NA,NA,NA
"c..Sytl2....NM_001368878....exon8....c.G1954A....p.E652K..","Sytl2","NM_001368878","p.E652K","E","K",652,NA,NA,NA,NA,NA
"c..Sytl2....NM_001368878....exon8....c.G1958A....p.S653N..","Sytl2","NM_001368878","p.S653N","S","N",653,NA,NA,NA,NA,NA
"c..Sytl2....NM_001368878....exon8....c.G2563A....p.A855T..","Sytl2","NM_001368878","p.A855T","A","T",855,NA,NA,NA,NA,NA
"c..Sytl2....NM_001368878....exon8....c.G3511C....p.A1171P..","Sytl2","NM_001368878","p.A1171P","A","P",1171,NA,NA,NA,NA,NA
"c..Sytl2....NM_001368878....exon8....c.G3649A....p.A1217T..","Sytl2","NM_001368878","p.A1217T","A","T",1217,NA,NA,NA,NA,NA
"c..Sytl2....NM_001368878....exon8....c.G3743C....p.C1248S..","Sytl2","NM_001368878","p.C1248S","C","S",1248,NA,NA,NA,NA,NA
"c..Sytl2....NM_001368878....exon8....c.C3842T....p.S1281L..","Sytl2","NM_001368878","p.S1281L","S","L",1281,NA,NA,NA,NA,NA
"c..Sytl2....NM_001368878....exon8....c.A4306G....p.M1436V..","Sytl2","NM_001368878","p.M1436V","M","V",1436,NA,NA,NA,NA,NA
"c..Sytl2....NM_001368878....exon8....c.T4376C....p.L1459P..","Sytl2","NM_001368878","p.L1459P","L","P",1459,NA,NA,NA,NA,NA
"c..Sytl2....NM_001368878....exon8....c.G4478T....p.G1493V..","Sytl2","NM_001368878","p.G1493V","G","V",1493,NA,NA,NA,NA,NA
"c..Sytl2....NM_001368878....exon8....c.A5012C....p.Y1671S..","Sytl2","NM_001368878","p.Y1671S","Y","S",1671,NA,NA,NA,NA,NA
"c..Muc6....NM_001368953....exon31....c.G6016A....p.A2006T..","Muc6","NM_001368953","p.A2006T","A","T",2006,NA,NA,NA,NA,NA
"c..Muc6....NM_001368953....exon31....c.C5747A....p.T1916K..","Muc6","NM_001368953","p.T1916K","T","K",1916,NA,NA,NA,NA,NA
"c..Muc6....NM_001368953....exon31....c.C5672A....p.T1891N..","Muc6","NM_001368953","p.T1891N","T","N",1891,NA,NA,NA,NA,NA
"c..Muc6....NM_001368953....exon31....c.G5554A....p.A1852T..","Muc6","NM_001368953","p.A1852T","A","T",1852,NA,NA,NA,NA,NA
"c..Muc6....NM_001368953....exon31....c.C5495T....p.T1832M..","Muc6","NM_001368953","p.T1832M","T","M",1832,NA,NA,NA,NA,NA
"c..Muc6....NM_001368953....exon31....c.C4913T....p.T1638M..","Muc6","NM_001368953","p.T1638M","T","M",1638,NA,NA,NA,NA,NA
"c..Proz....NM_001357220....exon6....c.T332G....p.I111S..","Proz","NM_001357220","p.I111S","I","S",111,NA,NA,NA,NA,NA
"c..Ddhd2....NM_001361595....exon14....c.G1667A....p.S556N..","Ddhd2","NM_001361595","p.S556N","S","N",556,NA,NA,NA,NA,NA
"c..Nrg1....NM_001364429....exon1....c.C66G....p.D22E..","Nrg1","NM_001364429","p.D22E","D","E",22,NA,NA,NA,NA,NA
"c..Nrg1....NM_001364430....exon1....c.C66G....p.D22E..","Nrg1","NM_001364430","p.D22E","D","E",22,NA,NA,NA,NA,NA
"c..Gm3985....NM_001177589....exon3....c.C80G....p.T27R..","Gm3985","NM_001177589","p.T27R","T","R",27,NA,NA,NA,NA,NA
"c..Tusc3....NM_001357304....exon2....c.C34T....p.R12W..","Tusc3","NM_001357304","p.R12W","R","W",12,NA,NA,NA,NA,NA
"c..Zdhhc2....NM_001357249....exon11....c.C682G....p.P228A..","Zdhhc2","NM_001357249","p.P228A","P","A",228,NA,NA,NA,NA,NA
"c..Pbx4....NM_001357308....exon6....c.G442A....p.V148M..","Pbx4","NM_001357308","p.V148M","V","M",148,NA,NA,NA,NA,NA
"c..Pbx4....NM_001357308....exon7....c.G584C....p.W195S..","Pbx4","NM_001357308","p.W195S","W","S",195,NA,NA,NA,NA,NA
"c..Gatad2a....NM_001286450....exon12....c.A1543G....p.S515G..","Gatad2a","NM_001286450","p.S515G","S","G",515,NA,NA,NA,NA,NA
"c..Tmem59l....NM_001368367....exon7....c.T794C....p.L265P..","Tmem59l","NM_001368367","p.L265P","L","P",265,NA,NA,NA,NA,NA
"c..Gm10654....NM_001357655....exon1....c.C250A....p.P84T..","Gm10654","NM_001357655","p.P84T","P","T",84,NA,NA,NA,NA,NA
"c..Gm10654....NM_001357655....exon1....c.A324C....p.Q108H..","Gm10654","NM_001357655","p.Q108H","Q","H",108,NA,NA,NA,NA,NA
"c..Haus8....NM_001363402....exon5....c.G140T....p.G47V..","Haus8","NM_001363402","p.G47V","G","V",47,NA,NA,NA,NA,NA
"c..Haus8....NM_001363402....exon3....c.G28T....p.A10S..","Haus8","NM_001363402","p.A10S","A","S",10,NA,NA,NA,NA,NA
"c..Tmem38a....NM_001357278....exon4....c.G553A....p.G185S..","Tmem38a","NM_001357278","p.G185S","G","S",185,NA,NA,NA,NA,NA
"c..Tmem38a....NM_001357284....exon5....c.G526A....p.G176S..","Tmem38a","NM_001357284","p.G176S","G","S",176,NA,NA,NA,NA,NA
"c..Jhy....NM_001357359....exon5....c.T1324C....p.S442P..","Jhy","NM_001357359","p.S442P","S","P",442,NA,NA,NA,NA,NA
"c..Uaca....NM_001357408....exon17....c.A1760G....p.K587R..","Uaca","NM_001357408","p.K587R","K","R",587,NA,NA,NA,NA,NA
"c..Uaca....NM_001357408....exon17....c.A1822G....p.T608A..","Uaca","NM_001357408","p.T608A","T","A",608,NA,NA,NA,NA,NA
"c..Ibtk....NM_175371....exon25....c.T1969C....p.Y657H..","Ibtk","NM_175371","p.Y657H","Y","H",657,NA,NA,NA,NA,NA
"c..Ibtk....NM_175371....exon11....c.G451A....p.G151S..","Ibtk","NM_175371","p.G151S","G","S",151,NA,NA,NA,NA,NA
"c..Cyb5r4....NM_001359962....exon12....c.G1009A....p.D337N..","Cyb5r4","NM_001359962","p.D337N","D","N",337,NA,NA,NA,NA,NA
"c..Iqcf3....NM_001368648....exon5....c.A401C....p.H134P..","Iqcf3","NM_001368648","p.H134P","H","P",134,NA,NA,NA,NA,NA
"c..Mst1r....NM_001287261....exon5....c.A740G....p.H247R..","Mst1r","NM_001287261","p.H247R","H","R",247,NA,NA,NA,NA,NA
"c..Zfp660....NM_001353989....exon3....c.A784G....p.I262V..","Zfp660","NM_001353989","p.I262V","I","V",262,NA,NA,NA,NA,NA
"c..4930519F16Rik....NM_001358270....exon4....c.G571A....p.A191T.","4930519F16Rik","NM_001358270","p.A191T","A","T",191,NA,NA,NA,NA,NA
